epoch,acc,loss,val_acc,val_loss
0,0.3887678014291465,4.058874944173963,0.40328728855136126,3.381386402916409
