epoch,acc,loss,val_acc,val_loss
0,0.3815843271940419,4.184016528720825,0.4009787639941954,3.4345220421439397
